{
    "tex_eye": "mu_style_eyeshadow1_06.png",
    "tex_eye2": "mu_style_eyeshadow2_06.png",
    "tex_eye3": "mu_style_eyeshadow3_06.png",
    "makeup_eye_color": [
        0.7215686440467835,
        0.3019607961177826,
        0.29019609093666079,
        1.0,
        0.529411792755127,
        0.16078431904315949,
        0.16078431904315949,
        1.0,
        0.9803921580314636,
        0.800000011920929,
        0.7607843279838562,
        1.0
    ],
    "makeup_intensity_eye": 0.800000011920929,
    "tex_brow": "mu_style_eyebrow_01.png",
    "brow_warp": 1.0,
    "brow_warp_type": 2,
    "makeup_eyeBrow_color": [
        0.27843138575553896,
        0.16078431904315949,
        0.0784313753247261,
        1.0,
        0,
        0,
        0,
        0,
        0,
        0,
        0,
        0
    ],
    "makeup_intensity_eyeBrow": 0.4000000059604645,
    "tex_eyeLiner": "mu_style_eyeliner_01.png",
    "makeup_eyeLiner_color": [
        0.27843138575553896,
        0.16078431904315949,
        0.0784313753247261,
        1.0,
        0,
        0,
        0,
        0,
        0,
        0,
        0,
        0
    ],
    "makeup_intensity_eyeLiner": 0.6000000238418579,
    "tex_eyeLash": "mu_style_eyelash_04.png",
    "makeup_eyelash_color": [
        0.27843138575553896,
        0.16078431904315949,
        0.0784313753247261,
        1.0,
        0,
        0,
        0,
        0,
        0,
        0,
        0,
        0
    ],
    "makeup_intensity_eyelash": 0.699999988079071,
    "tex_blusher": "mu_style_blush_03.png",
    "makeup_blusher_color": [
        0.9607843160629273,
        0.43921568989753725,
        0.41960784792900088,
        1.0,
        0,
        0,
        0,
        0,
        0,
        0,
        0,
        0
    ],
    "makeup_intensity_blusher": 1.0,
    "lip_type": 0,
    "makeup_lip_color": [
        0.6000000238418579,
        0.16078431904315949,
        0.16078431904315949,
        1.0,
        0,
        0,
        0,
        0,
        0,
        0,
        0,
        0
    ],
    "makeup_intensity_lip": 0.6000000238418579,
    "tex_foundation": "mu_style_foundation_01.png",
    "makeup_foundation_color": [
        0.9803921580314636,
        0.7098039388656616,
        0.6196078658103943,
        1.0,
        0,
        0,
        0,
        0,
        0,
        0,
        0,
        0
    ],
    "makeup_intensity_foundation": 1.0,
    "tex_highlight": "mu_style_highlight_02.png",
    "makeup_highlight_color": [
        0.9803921580314636,
        0.9490196108818054,
        0.9411764740943909,
        1.0,
        0,
        0,
        0,
        0,
        0,
        0,
        0,
        0
    ],
    "makeup_intensity_highlight": 1.0,
    "tex_shadow": "mu_style_contour_01.png",
    "makeup_shadow_color": [
        0.3294117748737335,
        0.16078431904315949,
        0.0784313753247261,
        1.0,
        0,
        0,
        0,
        0,
        0,
        0,
        0,
        0
    ],
    "makeup_intensity_shadow": 1.0
}