{
    "tex_blusher": "mu_style_blush_01.png",
    "makeup_blusher_color": [
        0.8901960849761963,
        0.25882354378700259,
        0.27843138575553896,
        1.0,
        0,
        0,
        0,
        0,
        0,
        0,
        0,
        0
    ],
    "makeup_intensity_blusher": 1.0,
    "tex_brow": "mu_style_eyebrow_01.png",
    "brow_warp": 1.0,
    "brow_warp_type": 1,
    "makeup_eyeBrow_color": [
        0.27843138575553896,
        0.16078431904315949,
        0.0784313753247261,
        1.0,
        0,
        0,
        0,
        0,
        0,
        0,
        0,
        0
    ],
    "makeup_intensity_eyeBrow": 0.20000000298023225,
    "tex_eyeLash": "mu_style_eyelash_01.png",
    "makeup_eyelash_color": [
        0.27843138575553896,
        0.16078431904315949,
        0.0784313753247261,
        1.0,
        0,
        0,
        0,
        0,
        0,
        0,
        0,
        0
    ],
    "makeup_intensity_eyelash": 0.699999988079071,
    "tex_eyeLiner": "mu_style_eyeliner_06.png",
    "makeup_eyeLiner_color": [
        0.27843138575553896,
        0.16078431904315949,
        0.0784313753247261,
        1.0,
        0,
        0,
        0,
        0,
        0,
        0,
        0,
        0
    ],
    "makeup_intensity_eyeLiner": 0.699999988079071,
    "tex_pupil": "mu_style_eyepupil_01.png",
    "makeup_pupil_color": [
        0.729411780834198,
        0.5098039507865906,
        0.10980392247438431,
        1.0,
        0,
        0,
        0,
        0,
        0,
        0,
        0,
        0
    ],
    "makeup_intensity_pupil": 0.5,
    "tex_eye": "mu_style_eyeshadow1_02.png",
    "tex_eye2": "mu_style_eyeshadow2_02.png",
    "makeup_eye_color": [
        0.9686274528503418,
        0.7019608020782471,
        0.3607843220233917,
        1.0,
        0.7019608020782471,
        0.30980393290519717,
        0.16862745583057404,
        1.0,
        0,
        0,
        0,
        0
    ],
    "makeup_intensity_eye": 0.699999988079071,
    "tex_foundation": "mu_style_foundation_01.png",
    "makeup_foundation_color": [
        0.9098039269447327,
        0.8078431487083435,
        0.7411764860153198,
        1.0,
        0,
        0,
        0,
        0,
        0,
        0,
        0,
        0
    ],
    "makeup_intensity_foundation": 1.0,
    "lip_type": 1,
    "makeup_lip_color": [
        0.8392156958580017,
        0.25882354378700259,
        0.16078431904315949,
        1.0,
        0,
        0,
        0,
        0,
        0,
        0,
        0,
        0
    ],
    "makeup_intensity_lip": 0.6000000238418579
}