{
    "tex_blusher": "mu_style_blush_03.png",
    "makeup_blusher_color": [
        1.0,
        0.38823530077934267,
        0.32156863808631899,
        1.0,
        0,
        0,
        0,
        0,
        0,
        0,
        0,
        0
    ],
    "makeup_intensity_blusher": 1.0,
    "tex_brow": "mu_style_eyebrow_01.png",
    "brow_warp": 1.0,
    "brow_warp_type": 3,
    "makeup_eyeBrow_color": [
        0.27843138575553896,
        0.16078431904315949,
        0.0784313753247261,
        1.0,
        0,
        0,
        0,
        0,
        0,
        0,
        0,
        0
    ],
    "makeup_intensity_eyeBrow": 1.0,
    "tex_eyeLash": "mu_style_eyelash_03.png",
    "makeup_eyelash_color": [
        0.27843138575553896,
        0.16078431904315949,
        0.0784313753247261,
        1.0,
        0,
        0,
        0,
        0,
        0,
        0,
        0,
        0
    ],
    "makeup_intensity_eyelash": 0.6000000238418579,
    "tex_eyeLiner": "mu_style_eyeliner_03.png",
    "makeup_eyeLiner_color": [
        0.27843138575553896,
        0.16078431904315949,
        0.0784313753247261,
        1.0,
        0,
        0,
        0,
        0,
        0,
        0,
        0,
        0
    ],
    "makeup_intensity_eyeLiner": 0.6000000238418579,
    "tex_eye": "mu_style_eyeshadow1_03.png",
    "tex_eye2": "mu_style_eyeshadow2_03.png",
    "makeup_eye_color": [
        0.7215686440467835,
        0.47058823704719546,
        0.29019609093666079,
        1.0,
        0.6392157077789307,
        0.16862745583057404,
        0.019607843831181527,
        1.0,
        0,
        0,
        0,
        0
    ],
    "makeup_intensity_eye": 0.699999988079071,
    "tex_foundation": "mu_style_foundation_01.png",
    "makeup_foundation_color": [
        0.800000011920929,
        0.7411764860153198,
        0.6509804129600525,
        1.0,
        0,
        0,
        0,
        0,
        0,
        0,
        0,
        0
    ],
    "makeup_intensity_foundation": 1.0,
    "tex_highlight": "mu_style_highlight_01.png",
    "makeup_highlight_color": [
        0.9882352948188782,
        0.9803921580314636,
        0.9490196108818054,
        1.0,
        0,
        0,
        0,
        0,
        0,
        0,
        0,
        0
    ],
    "makeup_intensity_highlight": 1.0,
    "lip_type": 0,
    "makeup_lip_color": [
        0.8117647171020508,
        0.30980393290519717,
        0.21960784494876862,
        1.0,
        0,
        0,
        0,
        0,
        0,
        0,
        0,
        0
    ],
    "makeup_intensity_lip": 0.699999988079071
}